donor_state,candidates_state,num_donations,total_amount
META
META,SUMMARY,This dataset is state-to-state aggregations of individual contributions from the 2012 election cycle.
META,SUMMARY,See http://www.opensecrets.org/myos/bulk.php for source tables.
META,AUTHOR,Dataset compiled by Dan Lopuch -- github.com/dlopuch
META
META,DESCRIPTION,Individual contributions have been filtered to only those targetting Senate or House candidates
META,DESCRIPTION,(comittee and presidential contributions have been omitted).  Contributions have been further filtered
META,DESCRIPTION,to include only contributions with a with a different originating state than the candidate's running
META,DESCRIPTION,state (ie only out of state donations).
META,DESCRIPTION,The donator's address state is considered the 'donor_state', and the state in which the
META,DESCRIPTION,candidate was running for office in is the 'candidates_state'. 'total_amount' is in USD.
META
META,ATTRIBUTION,Source: Center for Responsive Politics at OpenSecrets.org.
META,LICENSE,This dataset released and licensed under the Creative Commons Share Alike http://creativecommons.org/licenses/by-nc-sa/3.0/
,AL,5,2882
,AZ,12,5850
,CA,25,11895
,CO,2,475
,CT,8,1450
,FL,25,34868
,GA,5,1900
,HI,2,750
,IL,8,2575
,IN,1,2500
,KY,7,10500
,LA,4,2350
,MA,1,500
,MD,11,7743
,ME,3,4000
,MI,6,9500
,MN,8,7570
,MO,11,15150
,MT,2,1278
,NC,12,10225
,ND,1,250
,NE,1,1250
,NH,8,5400
,NJ,7,2812
,NM,5,3543
,NV,4,1450
,NY,31,46271
,OH,6,6500
,OK,1,250
,PA,9,11000
,PR,1,700
,SD,4,5660
,TN,2,2250
,TX,8,4750
,UT,3,3250
,VA,10,7525
,WA,4,2017
,WI,8,6450
99,AK,1,1000
99,IN,1,250
AK,AL,1,1500
AK,AZ,4,750
AK,CA,13,5150
AK,CO,4,4494
AK,CT,2,600
AK,FL,26,11900
AK,GA,1,20
AK,HI,10,3064
AK,IA,4,900
AK,ID,1,1000
AK,IL,4,1500
AK,IN,2,-1000
AK,KY,9,16100
AK,MD,1,1500
AK,MI,4,1050
AK,MN,16,7800
AK,MT,20,20450
AK,ND,2,4000
AK,NE,1,-2400
AK,NH,5,3414
AK,NJ,1,214
AK,NM,10,13500
AK,NV,15,11400
AK,NY,11,2750
AK,OH,5,3950
AK,OR,3,730
AK,PA,1,500
AK,TX,2,450
AK,UT,1,250
AK,VA,2,450
AK,VT,4,900
AK,WA,29,19100
AK,WI,9,2050
AL,AR,6,1600
AL,AZ,15,11300
AL,CA,20,28986
AL,CT,2,2750
AL,DE,3,2300
AL,FL,185,100828
AL,GA,26,32770
AL,HI,5,2250
AL,IA,18,13250
AL,ID,8,6000
AL,IL,5,2750
AL,IN,37,33566
AL,KY,49,41501
AL,LA,2,1500
AL,MA,1,500
AL,MD,22,10750
AL,ME,1,1000
AL,MI,10,5750
AL,MN,77,34127
AL,MO,5,5500
AL,MS,8,6750
AL,MT,14,14236
AL,NC,11,8895
AL,ND,19,17643
AL,NE,11,8300
AL,NH,8,13600
AL,NJ,5,4550
AL,NM,15,14752
AL,NV,43,36311
AL,NY,5,3800
AL,OH,73,55713
AL,OR,2,400
AL,PA,16,14950
AL,SC,23,11100
AL,SD,4,3500
AL,TN,6,3400
AL,TX,22,16476
AL,UT,11,7750
AL,VA,20,18151
AL,VT,3,1450
AL,WA,4,2000
AL,WI,30,14500
AL,WV,1,2500
AR,AL,1,2500
AR,AZ,14,9950
AR,CA,12,9550
AR,CO,1,201
AR,CT,1,250
AR,DE,1,1000
AR,FL,45,35600
AR,GA,5,3878
AR,HI,1,200
AR,IA,27,12320
AR,IL,8,4650
AR,IN,16,17000
AR,KY,11,22700
AR,LA,2,750
AR,MA,2,500
AR,MD,4,5750
AR,MI,23,53200
AR,MN,46,15122
AR,MO,6,6250
AR,MS,6,4250
AR,MT,13,22750
AR,NC,2,750
AR,ND,12,4500
AR,NE,2,0
AR,NH,3,700
AR,NJ,5,3250
AR,NM,6,8700
AR,NV,4,3205
AR,NY,12,3550
AR,OH,32,20727
AR,OK,12,9500
AR,OR,8,2325
AR,PA,2,5000
AR,SD,1,500
AR,TN,1,1000
AR,TX,32,37735
AR,UT,2,500
AR,VA,3,4700
AR,VT,3,975
AR,WA,10,7516
AR,WI,28,8300
AS,AZ,1,250
AZ,AL,2,2500
AZ,AR,7,2700
AZ,CA,87,67285
AZ,CO,79,49450
AZ,CT,5,3750
AZ,DE,5,6500
AZ,FL,150,73425
AZ,GA,26,9801
AZ,HI,8,3700
AZ,IA,27,21550
AZ,ID,1,1500
AZ,IL,39,25750
AZ,IN,60,41900
AZ,KS,3,750
AZ,KY,8,5701
AZ,MA,6,1750
AZ,MD,15,16950
AZ,ME,2,500
AZ,MI,45,22850
AZ,MN,157,79127
AZ,MO,10,7950
AZ,MT,40,37565
AZ,NC,19,3400
AZ,ND,46,39065
AZ,NE,26,16500
AZ,NH,8,3500
AZ,NJ,42,34020
AZ,NM,102,89075
AZ,NV,117,99450
AZ,NY,31,18575
AZ,OH,150,123252
AZ,OR,27,19200
AZ,PA,28,27600
AZ,SC,9,6000
AZ,SD,11,8350
AZ,TN,2,1250
AZ,TX,53,38000
AZ,UT,29,14850
AZ,VA,16,8400
AZ,VT,19,7700
AZ,WA,16,8100
AZ,WI,107,46050
AZ,WV,3,3150
AZ,WY,1,2400
CA,AK,3,-7200
CA,AL,13,7150
CA,AR,69,40710
CA,AS,14,20900
CA,AZ,442,282549
CA,CO,129,110243
CA,CT,144,103749
CA,DC,1,1000
CA,DE,42,43750
CA,FL,1640,1020928
CA,GA,95,67139
CA,GU,1,1000
CA,HI,612,398118
CA,IA,296,218327
CA,ID,12,11000
CA,IL,845,599215
CA,IN,549,428785
CA,KS,17,15000
CA,KY,171,240990
CA,LA,18,18104
CA,MA,151,153079
CA,MD,267,213885
CA,ME,52,46500
CA,MI,606,428857
CA,MN,1417,785835
CA,MO,40,19350
CA,MS,5,6750
CA,MT,258,302654
CA,NC,88,87150
CA,ND,618,516992
CA,NE,150,121200
CA,NH,245,171743
CA,NJ,438,444929
CA,NM,432,398259
CA,NV,1266,1004350
CA,NY,565,434497
CA,OH,2630,2130881
CA,OK,13,10500
CA,OR,282,199720
CA,PA,134,80070
CA,PR,1,500
CA,RI,2,500
CA,SC,66,81289
CA,SD,79,62198
CA,TN,11,9525
CA,TX,546,491224
CA,UT,163,90460
CA,VA,767,783679
CA,VT,368,148477
CA,WA,505,471122
CA,WI,2326,1361890
CA,WV,9,9375
CA,WY,6,4000
CO,AL,2,5000
CO,AR,7,8150
CO,AZ,84,54296
CO,CA,124,124201
CO,CT,18,11592
CO,DE,9,9000
CO,FL,187,116202
CO,GA,19,2585
CO,HI,32,21006
CO,IA,45,28400
CO,ID,6,3100
CO,IL,87,58077
CO,IN,79,67716
CO,KS,2,2000
CO,KY,16,22250
CO,LA,1,1000
CO,MA,10,8550
CO,MD,27,17002
CO,ME,6,2400
CO,MI,75,52954
CO,MN,180,104670
CO,MO,7,7200
CO,MS,1,2500
CO,MT,71,66143
CO,NC,20,10950
CO,ND,82,73720
CO,NE,65,51225
CO,NH,14,9050
CO,NJ,35,29800
CO,NM,146,106662
CO,NV,85,65850
CO,NY,51,44303
CO,OH,202,152763
CO,OK,5,2450
CO,OR,18,10550
CO,PA,22,17200
CO,SC,21,16250
CO,SD,18,13700
CO,TN,3,5400
CO,TX,89,61239
CO,UT,31,18856
CO,VA,77,69837
CO,VT,30,9100
CO,WA,68,84153
CO,WI,209,127307
CO,WV,1,300
CO,WY,32,20800
CT,AL,4,6250
CT,AR,18,11850
CT,AZ,42,23100
CT,CA,81,89995
CT,CO,29,40750
CT,DE,6,8750
CT,FL,244,189359
CT,GA,13,16387
CT,HI,18,6625
CT,IA,51,38408
CT,ID,4,5000
CT,IL,66,40000
CT,IN,105,81793
CT,KS,2,600
CT,KY,95,102100
CT,LA,2,3500
CT,MA,79,62800
CT,MD,20,15749
CT,ME,31,46900
CT,MI,90,94916
CT,MN,125,66910
CT,MO,8,7450
CT,MS,1,1500
CT,MT,49,64233
CT,NC,18,20000
CT,ND,52,56212
CT,NE,19,27800
CT,NH,18,15950
CT,NJ,109,120564
CT,NM,49,74776
CT,NV,135,115543
CT,NY,289,265223
CT,OH,225,208591
CT,OR,14,7000
CT,PA,61,51710
CT,RI,4,3600
CT,SC,17,21190
CT,SD,23,23450
CT,TX,79,60150
CT,UT,12,6900
CT,VA,82,84700
CT,VT,35,13425
CT,WA,35,25561
CT,WI,133,64150
CT,WV,1,500
DC,AL,43,34400
DC,AR,39,30777
DC,AZ,161,121139
DC,CA,790,600742
DC,CO,183,147900
DC,CT,197,123049
DC,DE,81,57923
DC,FL,330,250987
DC,GA,92,80750
DC,GU,4,2100
DC,HI,139,95478
DC,IA,239,156383
DC,ID,23,17050
DC,IL,255,195075
DC,IN,293,166352
DC,KS,33,17861
DC,KY,89,75101
DC,LA,43,28544
DC,MA,184,160066
DC,MD,270,199531
DC,ME,30,19460
DC,MI,241,181973
DC,MN,188,138384
DC,MO,63,53920
DC,MS,33,20743
DC,MT,125,94818
DC,NC,149,106599
DC,ND,212,112182
DC,NE,126,73707
DC,NH,164,110096
DC,NJ,288,218174
DC,NM,293,207260
DC,NV,382,272540
DC,NY,498,355527
DC,OH,929,611123
DC,OK,14,13500
DC,OR,183,105140
DC,PA,181,115992
DC,PR,4,1400
DC,SC,67,36066
DC,SD,80,56843
DC,TN,56,35900
DC,TX,285,234359
DC,UT,37,21250
DC,VA,654,543713
DC,VT,12,10550
DC,WA,352,243251
DC,WI,1003,630646
DC,WV,62,51975
DC,WY,8,6390
DE,AL,1,500
DE,AZ,4,1350
DE,CA,7,8500
DE,CT,2,1000
DE,FL,18,11050
DE,GA,3,2012
DE,HI,3,750
DE,IA,6,4050
DE,ID,1,500
DE,IL,4,2250
DE,IN,4,1650
DE,KY,2,1000
DE,MA,6,6000
DE,MD,17,9400
DE,ME,1,250
DE,MI,5,1500
DE,MN,33,23700
DE,MT,3,1750
DE,NC,1,1000
DE,ND,9,3750
DE,NE,1,1000
DE,NH,1,1000
DE,NJ,20,20000
DE,NV,10,10000
DE,NY,8,5000
DE,OH,33,36750
DE,OR,5,2500
DE,PA,40,21900
DE,SC,23,13434
DE,SD,1,1000
DE,TX,5,4500
DE,UT,3,3500
DE,VA,22,21350
DE,VT,1,250
DE,WA,7,3800
DE,WI,23,8150
DE,WV,1,1000
FL,AK,1,-900
FL,AL,12,18362
FL,AR,48,37200
FL,AS,3,5000
FL,AZ,110,82650
FL,CA,256,259275
FL,CO,28,24000
FL,CT,38,28808
FL,DC,1,500
FL,DE,12,10195
FL,GA,93,65542
FL,HI,57,27500
FL,IA,184,141364
FL,ID,5,5500
FL,IL,133,117577
FL,IN,371,329355
FL,KS,8,9700
FL,KY,159,201625
FL,LA,14,21900
FL,MA,66,41700
FL,MD,143,106436
FL,ME,24,27900
FL,MI,247,234136
FL,MN,553,361018
FL,MO,34,37175
FL,MS,16,17000
FL,MT,161,178324
FL,NC,108,101890
FL,ND,142,138523
FL,NE,31,19150
FL,NH,65,57900
FL,NJ,376,519300
FL,NM,71,79452
FL,NV,236,233414
FL,NY,323,345449
FL,OH,851,809988
FL,OR,41,23250
FL,PA,126,77749
FL,PR,1,1000
FL,RI,8,6250
FL,SC,54,56750
FL,SD,33,24050
FL,TN,14,14100
FL,TX,274,221602
FL,UT,102,75950
FL,VA,139,132625
FL,VI,1,200
FL,VT,40,12601
FL,WA,118,106550
FL,WI,322,195250
FL,WV,19,20400
FL,WY,2,700
GA,AL,27,21950
GA,AR,6,2375
GA,AZ,20,14712
GA,CA,61,49402
GA,CO,19,18750
GA,CT,17,12050
GA,DE,7,6650
GA,FL,269,152428
GA,HI,10,5000
GA,IA,50,36725
GA,ID,2,1500
GA,IL,49,23629
GA,IN,109,78989
GA,KS,3,1700
GA,KY,44,56700
GA,LA,1,1000
GA,MA,6,3900
GA,MD,24,19360
GA,ME,2,3000
GA,MI,43,27392
GA,MN,142,59246
GA,MO,4,4298
GA,MS,5,3850
GA,MT,35,36593
GA,NC,23,24050
GA,ND,34,24228
GA,NE,17,14750
GA,NH,11,5900
GA,NJ,45,36340
GA,NM,21,14208
GA,NV,61,45135
GA,NY,53,55008
GA,OH,187,137522
GA,OK,2,800
GA,OR,17,5850
GA,PA,16,11300
GA,RI,2,2875
GA,SC,43,31700
GA,SD,6,2250
GA,TN,59,45290
GA,TX,63,50670
GA,UT,14,4577
GA,VA,59,49150
GA,VT,4,1000
GA,WA,16,10750
GA,WI,108,65200
GA,WV,1,1000
GA,WY,1,1000
GU,CA,2,1500
GU,FL,1,375
GU,HI,13,3500
GU,IA,2,750
GU,IN,6,3339
GU,MD,2,690
GU,MI,2,2000
GU,MN,6,2500
GU,NE,3,1000
GU,NM,1,500
GU,NV,1,375
GU,PA,1,1000
GU,SC,2,1000
GU,TX,6,3699
HI,AS,1,2500
HI,AZ,7,4000
HI,CA,20,6350
HI,CT,1,1000
HI,FL,46,23508
HI,GU,3,1200
HI,IA,6,3250
HI,IL,42,17950
HI,IN,12,4100
HI,MD,2,500
HI,MI,1,1000
HI,MN,26,8552
HI,MO,1,200
HI,MT,1,1000
HI,NC,5,2200
HI,ND,11,6450
HI,NH,2,1500
HI,NJ,2,1000
HI,NV,10,4083
HI,NY,2,500
HI,OH,45,25897
HI,OR,9,9250
HI,PA,1,200
HI,SD,1,200
HI,TX,12,9600
HI,UT,6,2250
HI,VA,11,5200
HI,VT,4,1700
HI,WA,2,1200
HI,WI,30,10506
IA,AR,3,750
IA,AZ,9,3262
IA,CA,16,9420
IA,CT,1,250
IA,DE,1,750
IA,FL,54,30100
IA,GA,10,4700
IA,HI,6,1450
IA,IL,54,39050
IA,IN,19,8300
IA,KS,1,250
IA,KY,4,2000
IA,MA,8,10650
IA,MD,6,2200
IA,MI,18,8200
IA,MN,86,36849
IA,MO,1,1500
IA,MS,1,2000
IA,MT,9,5050
IA,NC,2,1250
IA,ND,8,5500
IA,NE,25,21175
IA,NH,2,500
IA,NJ,4,3400
IA,NM,3,5500
IA,NV,7,3100
IA,NY,8,3300
IA,OH,33,21500
IA,OK,1,500
IA,OR,1,200
IA,PA,4,2250
IA,SD,14,9750
IA,TN,1,500
IA,TX,7,2900
IA,UT,2,450
IA,VA,3,2250
IA,VT,17,4500
IA,WA,9,3950
IA,WI,33,10950
ID,AR,1,200
ID,AZ,6,6200
ID,CA,14,9150
ID,FL,29,9200
ID,HI,3,3445
ID,IA,2,400
ID,IL,3,4000
ID,IN,17,11500
ID,KY,4,5800
ID,LA,3,5000
ID,MA,3,1500
ID,ME,2,2200
ID,MI,8,8115
ID,MN,22,10150
ID,MT,17,7100
ID,NC,5,8900
ID,ND,4,3250
ID,NM,1,1000
ID,NV,8,5750
ID,NY,9,5830
ID,OH,35,25000
ID,OR,15,6020
ID,PA,8,4450
ID,TX,5,2150
ID,UT,3,1000
ID,VA,7,7938
ID,VT,1,250
ID,WA,29,18300
ID,WI,17,5200
IL,AL,3,2000
IL,AR,38,34600
IL,AZ,79,55450
IL,CA,258,243375
IL,CO,30,33004
IL,CT,18,7770
IL,DC,1,250
IL,DE,28,25750
IL,FL,431,254142
IL,GA,40,29165
IL,GU,1,250
IL,HI,58,41075
IL,IA,172,159760
IL,ID,18,18850
IL,IN,430,392800
IL,KS,5,5250
IL,KY,73,102800
IL,LA,6,5500
IL,MA,56,38000
IL,MD,60,52077
IL,ME,4,5000
IL,MI,259,201495
IL,MN,397,242983
IL,MO,64,78100
IL,MS,3,1750
IL,MT,118,150648
IL,NC,22,22050
IL,ND,134,117523
IL,NE,108,91700
IL,NH,40,33800
IL,NJ,175,181900
IL,NM,113,112900
IL,NV,224,206901
IL,NY,149,128899
IL,OH,1023,1033209
IL,OK,1,2500
IL,OR,33,18700
IL,PA,87,76500
IL,RI,7,5200
IL,SC,15,10450
IL,SD,42,44900
IL,TN,7,8750
IL,TX,164,145558
IL,UT,23,9550
IL,VA,134,115200
IL,VT,87,27815
IL,WA,166,153565
IL,WI,659,446150
IL,WV,20,17050
IL,WY,2,1500
IN,AK,1,-2400
IN,AL,4,2500
IN,AR,10,8600
IN,AZ,15,8096
IN,CA,30,20245
IN,CT,2,950
IN,DE,1,1000
IN,FL,111,62002
IN,GA,16,4349
IN,HI,11,2650
IN,IA,15,6650
IN,ID,5,4650
IN,IL,49,57093
IN,KY,17,16651
IN,LA,6,8250
IN,MA,2,1250
IN,MD,8,6500
IN,ME,1,1000
IN,MI,37,27850
IN,MN,80,34738
IN,MO,4,2000
IN,MT,7,3250
IN,NC,9,10750
IN,ND,14,10225
IN,NE,4,5800
IN,NH,1,346
IN,NJ,11,13500
IN,NM,8,4500
IN,NV,23,14992
IN,NY,25,16116
IN,OH,108,106694
IN,OR,7,7100
IN,PA,20,12946
IN,SC,6,6892
IN,SD,7,3450
IN,TN,1,500
IN,TX,37,19847
IN,UT,16,7000
IN,VA,13,16900
IN,VT,10,3225
IN,WA,22,18800
IN,WI,34,10942
IN,WV,9,10300
KS,AL,6,8750
KS,AR,16,11850
KS,AZ,23,18050
KS,CA,28,23942
KS,CO,5,6200
KS,CT,2,1250
KS,DE,2,-1500
KS,FL,81,43100
KS,GA,9,5356
KS,HI,3,950
KS,IA,18,8250
KS,IL,20,24200
KS,IN,32,29600
KS,KY,8,6550
KS,LA,1,2500
KS,MA,6,4200
KS,MD,4,1500
KS,MI,14,13300
KS,MN,64,36759
KS,MO,81,64200
KS,MT,18,25300
KS,NC,3,2000
KS,ND,13,13600
KS,NE,26,20100
KS,NH,2,1250
KS,NJ,2,2500
KS,NM,3,950
KS,NV,12,3810
KS,NY,8,4250
KS,OH,42,28855
KS,OK,2,750
KS,OR,5,2250
KS,PA,15,766
KS,SC,2,750
KS,SD,7,9700
KS,TX,19,12750
KS,UT,11,7800
KS,VA,26,17550
KS,VT,7,1260
KS,WA,8,5700
KS,WI,17,10400
KS,WV,2,4350
KY,AR,3,3250
KY,AZ,4,5550
KY,CA,15,17100
KY,CO,2,500
KY,DE,7,11700
KY,FL,63,45590
KY,GA,12,11400
KY,IA,11,8150
KY,ID,4,3400
KY,IL,18,10950
KY,IN,86,77200
KY,KS,1,800
KY,MA,3,1750
KY,MD,9,8000
KY,MI,24,17450
KY,MN,37,17952
KY,MO,2,2500
KY,MS,2,1750
KY,MT,25,23750
KY,NC,7,3400
KY,ND,24,20083
KY,NE,12,11000
KY,NH,1,250
KY,NJ,10,11750
KY,NM,22,20583
KY,NV,34,25400
KY,NY,18,13960
KY,OH,180,156022
KY,OK,2,1500
KY,OR,7,3800
KY,PA,16,11700
KY,SC,4,2750
KY,SD,5,4800
KY,TN,3,3200
KY,TX,12,17300
KY,UT,8,5550
KY,VA,12,14050
KY,VT,8,6550
KY,WA,14,9825
KY,WI,29,8600
KY,WV,22,19200
KY,WY,3,2500
LA,AL,7,13000
LA,AR,11,4560
LA,AS,1,2500
LA,AZ,8,5500
LA,CA,20,16090
LA,CT,2,1500
LA,DE,4,3000
LA,FL,107,77781
LA,GA,23,9976
LA,HI,8,9500
LA,IA,31,25650
LA,ID,1,1000
LA,IL,18,9950
LA,IN,52,35886
LA,KS,2,550
LA,KY,22,27000
LA,MA,7,7750
LA,MD,17,12585
LA,ME,1,250
LA,MI,57,46199
LA,MN,112,60531
LA,MO,6,2450
LA,MS,15,11916
LA,MT,46,57370
LA,NC,14,12600
LA,ND,32,40150
LA,NE,3,600
LA,NH,1,200
LA,NJ,12,16300
LA,NM,14,10750
LA,NV,38,23400
LA,NY,15,14000
LA,OH,91,72451
LA,OK,1,2400
LA,OR,11,5950
LA,PA,17,1500
LA,SC,2,400
LA,TN,3,5250
LA,TX,61,42793
LA,UT,17,15250
LA,VA,11,7175
LA,VT,2,3000
LA,WA,40,44474
LA,WI,32,15400
LA,WV,9,9166
MA,AL,5,4500
MA,AR,10,7650
MA,AZ,70,45151
MA,CA,173,234640
MA,CO,26,24450
MA,CT,117,88423
MA,DC,1,500
MA,DE,14,18000
MA,FL,365,276411
MA,GA,17,7362
MA,HI,92,57170
MA,IA,87,76390
MA,ID,5,3000
MA,IL,316,227333
MA,IN,83,67357
MA,KS,6,6000
MA,KY,42,47750
MA,LA,2,2722
MA,MD,64,80275
MA,ME,24,18050
MA,MI,108,63500
MA,MN,217,119977
MA,MO,10,4500
MA,MT,31,29700
MA,NC,26,15285
MA,ND,84,53220
MA,NE,24,25000
MA,NH,417,358862
MA,NJ,126,112850
MA,NM,61,61650
MA,NV,160,113397
MA,NY,144,107136
MA,OH,577,409846
MA,OK,1,2500
MA,OR,50,31900
MA,PA,23,22005
MA,RI,11,7250
MA,SC,14,20000
MA,SD,14,12350
MA,TN,4,1850
MA,TX,55,28450
MA,UT,29,17400
MA,VA,248,275629
MA,VT,121,54215
MA,WA,100,86700
MA,WI,583,343098
MA,WV,1,500
MA,WY,1,2500
MD,AL,22,14100
MD,AR,20,15716
MD,AS,2,1500
MD,AZ,100,58019
MD,CA,428,316944
MD,CO,55,35650
MD,CT,90,57080
MD,DC,26,25550
MD,DE,53,49864
MD,FL,358,241280
MD,GA,56,42462
MD,GU,2,600
MD,HI,72,49969
MD,IA,142,98062
MD,ID,29,16350
MD,IL,187,126900
MD,IN,160,110651
MD,KS,10,12250
MD,KY,37,33725
MD,LA,7,2750
MD,MA,86,73220
MD,ME,10,2900
MD,MI,193,152583
MD,MN,234,153948
MD,MO,45,28500
MD,MS,24,10750
MD,MT,83,77718
MD,NC,77,39984
MD,ND,118,69391
MD,NE,63,27600
MD,NH,82,51599
MD,NJ,224,170943
MD,NM,113,89125
MD,NV,252,166792
MD,NY,254,181249
MD,OH,603,428222
MD,OK,3,2000
MD,OR,53,29548
MD,PA,129,80461
MD,PR,4,2500
MD,SC,40,26600
MD,SD,43,46450
MD,TN,16,9350
MD,TX,141,82736
MD,UT,24,9116
MD,VA,409,326256
MD,VI,1,1000
MD,VT,40,12275
MD,WA,152,115408
MD,WI,423,214048
MD,WV,31,25550
MD,WY,2,4000
ME,AZ,8,3300
ME,CA,20,17950
ME,CO,3,1250
ME,CT,3,2500
ME,FL,37,15100
ME,GA,2,270
ME,HI,5,2500
ME,IA,8,3550
ME,IL,7,4200
ME,IN,12,7728
ME,KY,2,750
ME,MA,12,10600
ME,MD,2,3000
ME,MI,9,4900
ME,MN,23,8851
ME,NC,4,2250
ME,ND,5,750
ME,NH,32,15256
ME,NJ,3,2000
ME,NM,10,6250
ME,NV,11,9400
ME,NY,19,11700
ME,OH,74,43902
ME,OR,6,3750
ME,PA,6,5400
ME,SC,5,4050
ME,SD,1,500
ME,TX,13,4750
ME,UT,2,500
ME,VA,11,11700
ME,VT,3,900
ME,WA,10,6600
ME,WI,32,18800
ME,WV,1,250
MI,AL,1,2000
MI,AR,11,6600
MI,AZ,55,44291
MI,CA,49,43520
MI,CO,9,10700
MI,CT,13,11050
MI,DE,6,8300
MI,FL,255,152915
MI,GA,13,12625
MI,HI,18,8456
MI,IA,49,30478
MI,ID,3,4000
MI,IL,96,49501
MI,IN,90,77652
MI,KS,4,3250
MI,KY,14,13750
MI,LA,2,3000
MI,MA,10,7350
MI,MD,22,15625
MI,ME,3,3500
MI,MN,213,106466
MI,MO,5,1250
MI,MS,2,3700
MI,MT,37,27477
MI,NC,15,10550
MI,ND,41,31126
MI,NE,59,49300
MI,NH,32,25828
MI,NJ,37,33700
MI,NM,25,30592
MI,NV,96,71512
MI,NY,39,41858
MI,OH,286,274073
MI,OK,1,250
MI,OR,14,11250
MI,PA,23,20400
MI,SC,1,500
MI,SD,13,14350
MI,TN,7,1250
MI,TX,50,28300
MI,UT,8,2750
MI,VA,27,16925
MI,VT,23,7780
MI,WA,27,23850
MI,WI,143,58703
MI,WV,2,1000
MI,WY,1,500
MN,AK,2,500
MN,AL,1,1250
MN,AR,7,2200
MN,AZ,12,4700
MN,CA,54,40500
MN,CO,1,250
MN,CT,4,2500
MN,DE,2,3000
MN,FL,119,58906
MN,GA,11,5390
MN,HI,13,5850
MN,IA,56,35800
MN,ID,2,2000
MN,IL,35,15050
MN,IN,34,33965
MN,KY,11,10500
MN,LA,20,44000
MN,MA,11,7400
MN,MD,14,10200
MN,MI,19,13100
MN,MO,5,1700
MN,MT,55,38537
MN,NC,10,10500
MN,ND,260,157881
MN,NE,21,13250
MN,NH,5,1650
MN,NJ,23,17700
MN,NM,16,9400
MN,NV,20,8325
MN,NY,27,16552
MN,OH,96,48994
MN,OR,15,7150
MN,PA,5,1150
MN,RI,1,1000
MN,SC,1,500
MN,SD,35,17550
MN,TX,23,22345
MN,UT,14,7000
MN,VA,28,31434
MN,VT,29,6000
MN,WA,13,11810
MN,WI,221,112211
MN,WV,1,1000
MN,WY,2,5500
MO,AL,4,6000
MO,AR,27,27000
MO,AZ,14,12750
MO,CA,42,36400
MO,CO,1,1000
MO,CT,1,-2
MO,DE,3,2500
MO,FL,177,106781
MO,GA,14,9245
MO,HI,6,1835
MO,IA,43,27700
MO,ID,3,3000
MO,IL,105,81750
MO,IN,114,132710
MO,KS,31,37890
MO,KY,21,34100
MO,LA,3,3500
MO,MA,10,8000
MO,MD,8,6775
MO,MI,50,33925
MO,MN,104,46681
MO,MT,84,97337
MO,NC,15,8550
MO,ND,14,9928
MO,NE,34,43150
MO,NH,1,500
MO,NJ,21,11550
MO,NM,26,34385
MO,NV,18,13925
MO,NY,39,26540
MO,OH,158,136494
MO,OK,1,250
MO,OR,9,7350
MO,PA,19,15415
MO,SC,2,500
MO,SD,12,7550
MO,TN,6,7250
MO,TX,39,38600
MO,UT,16,7700
MO,VA,65,63125
MO,VT,14,4100
MO,WA,10,4700
MO,WI,54,26450
MO,WV,8,5800
MS,AL,2,1250
MS,AR,7,4300
MS,AZ,5,3450
MS,CA,22,15750
MS,CT,4,3500
MS,FL,55,24895
MS,GA,12,5470
MS,HI,1,200
MS,IA,9,7400
MS,ID,3,2500
MS,IL,7,5550
MS,IN,19,13675
MS,KS,38,11750
MS,KY,5,3700
MS,LA,13,19100
MS,MD,2,3000
MS,ME,1,250
MS,MI,3,2650
MS,MN,25,16635
MS,MO,4,1586
MS,MT,14,16355
MS,NC,4,3250
MS,ND,14,10139
MS,NE,6,2900
MS,NJ,5,3000
MS,NM,3,3000
MS,NV,12,7525
MS,NY,10,5450
MS,OH,24,28201
MS,OR,14,6000
MS,PA,10,4500
MS,SC,5,7500
MS,SD,2,400
MS,TN,2,5500
MS,TX,13,8850
MS,UT,5,1950
MS,VA,4,5500
MS,WA,1,300
MS,WI,12,3628
MS,WV,5,5500
MT,AR,1,500
MT,AZ,3,3250
MT,CA,14,8500
MT,CO,2,2000
MT,CT,1,250
MT,FL,35,18801
MT,GA,5,3450
MT,HI,3,1250
MT,IA,4,3000
MT,ID,1,500
MT,IL,5,5700
MT,IN,5,1400
MT,KS,1,1000
MT,KY,1,1000
MT,LA,2,5000
MT,MA,1,250
MT,MI,2,500
MT,MN,25,12051
MT,NC,1,250
MT,ND,18,5950
MT,NE,1,500
MT,NH,1,500
MT,NJ,1,250
MT,NM,8,3700
MT,NV,5,3400
MT,NY,6,4250
MT,OH,20,8722
MT,OR,4,4550
MT,PA,1,1000
MT,SD,1,500
MT,TX,1,700
MT,UT,3,5250
MT,VA,2,750
MT,VT,3,1250
MT,WA,2,3000
MT,WI,9,2000
NC,AL,2,1246
NC,AR,4,1750
NC,AZ,31,13950
NC,CA,48,42300
NC,CO,8,5103
NC,CT,4,2650
NC,DE,7,3750
NC,FL,183,104857
NC,GA,30,11515
NC,GU,1,500
NC,HI,22,7728
NC,IA,21,10200
NC,ID,4,4000
NC,IL,40,18162
NC,IN,54,39844
NC,KY,23,13671
NC,LA,3,4000
NC,MA,25,23405
NC,MD,20,8243
NC,ME,2,1000
NC,MI,38,24150
NC,MN,125,52650
NC,MO,3,3250
NC,MS,1,500
NC,MT,19,21528
NC,ND,15,12700
NC,NE,4,4750
NC,NH,9,5400
NC,NJ,19,18610
NC,NM,13,7278
NC,NV,28,23141
NC,NY,28,20931
NC,OH,131,64578
NC,OK,2,750
NC,OR,8,4700
NC,PA,18,13850
NC,SC,85,68450
NC,SD,11,6150
NC,TN,5,6750
NC,TX,41,27656
NC,UT,9,3550
NC,VA,63,46778
NC,VT,7,1975
NC,WA,20,14500
NC,WI,68,32376
NC,WV,4,2750
ND,AR,1,200
ND,AZ,3,1250
ND,CA,6,3000
ND,FL,4,2500
ND,GA,1,500
ND,IA,1,200
ND,ID,1,500
ND,IN,1,200
ND,LA,1,-2500
ND,MA,1,500
ND,MI,3,2500
ND,MN,47,22701
ND,MT,8,2400
ND,NC,1,250
ND,NJ,1,500
ND,NM,1,500
ND,NV,6,10750
ND,NY,3,4000
ND,OH,11,6800
ND,OK,2,550
ND,PA,1,1000
ND,SD,4,1700
ND,TX,4,900
ND,UT,2,500
ND,VA,1,500
ND,VT,4,800
ND,WA,1,500
ND,WI,5,2250
NE,AR,1,500
NE,AZ,5,1300
NE,CA,9,5750
NE,FL,63,33239
NE,GA,5,570
NE,HI,2,500
NE,IA,53,36975
NE,ID,1,1000
NE,IL,9,6300
NE,IN,16,13050
NE,KS,1,1000
NE,KY,1,250
NE,LA,1,250
NE,MA,3,6500
NE,MD,2,500
NE,ME,1,1000
NE,MI,2,1000
NE,MN,39,14358
NE,MO,4,8250
NE,MT,9,7725
NE,ND,11,12250
NE,NJ,1,200
NE,NM,2,1500
NE,NV,10,7075
NE,NY,6,2250
NE,OH,24,19800
NE,OR,6,1200
NE,PA,4,2000
NE,SD,10,8050
NE,TX,2,2900
NE,UT,5,3350
NE,VA,2,750
NE,VT,6,2700
NE,WA,4,3500
NE,WI,17,7700
NE,WY,1,250
NH,AR,5,1600
NH,AZ,5,2350
NH,CA,10,5450
NH,CT,11,7750
NH,FL,46,34295
NH,GA,1,300
NH,HI,7,2800
NH,IA,10,7600
NH,IL,7,6200
NH,IN,15,8900
NH,KS,1,500
NH,KY,2,3500
NH,MA,41,31883
NH,MD,5,1750
NH,ME,9,8230
NH,MI,13,7500
NH,MN,24,13225
NH,MO,2,1000
NH,MT,7,3250
NH,NC,5,10300
NH,ND,6,6150
NH,NE,4,10000
NH,NJ,14,15700
NH,NM,12,12250
NH,NV,10,6650
NH,NY,14,10850
NH,OH,58,27249
NH,OR,1,500
NH,PA,12,4900
NH,SC,3,1600
NH,SD,3,1500
NH,TN,1,2500
NH,TX,13,4950
NH,UT,2,3291
NH,VA,11,8000
NH,VT,14,5500
NH,WA,4,1200
NH,WI,29,11100
NH,WV,1,500
NH,WY,1,500
NJ,AL,9,10700
NJ,AR,9,13500
NJ,AS,1,1500
NJ,AZ,51,21830
NJ,CA,152,117184
NJ,CO,4,1550
NJ,CT,48,31270
NJ,DC,1,1000
NJ,DE,27,38166
NJ,FL,364,302021
NJ,GA,22,9043
NJ,HI,41,19550
NJ,IA,80,76133
NJ,ID,6,6000
NJ,IL,117,75500
NJ,IN,117,114425
NJ,KY,37,54500
NJ,LA,1,250
NJ,MA,48,52800
NJ,MD,74,81800
NJ,ME,12,12825
NJ,MI,93,72400
NJ,MN,178,127414
NJ,MO,26,11950
NJ,MS,5,1800
NJ,MT,34,49286
NJ,NC,23,22500
NJ,ND,112,107356
NJ,NE,68,45250
NJ,NH,50,44550
NJ,NM,50,54270
NJ,NV,196,168945
NJ,NY,529,446358
NJ,OH,274,209151
NJ,OK,1,1000
NJ,OR,27,15111
NJ,PA,201,154538
NJ,RI,3,1000
NJ,SC,32,16919
NJ,SD,16,13200
NJ,TN,8,8423
NJ,TX,91,86325
NJ,UT,21,10004
NJ,VA,101,111353
NJ,VT,36,12075
NJ,WA,45,48300
NJ,WI,215,86938
NJ,WV,5,2250
NJ,WY,4,2750
NM,AL,3,2000
NM,AR,2,5000
NM,AZ,35,29878
NM,CA,35,26011
NM,CO,9,6300
NM,CT,1,1000
NM,DE,1,1000
NM,FL,86,43678
NM,GA,2,2651
NM,HI,9,8000
NM,IA,27,12900
NM,IL,34,15000
NM,IN,31,25066
NM,KY,6,11400
NM,LA,1,1000
NM,MA,1,1000
NM,MD,5,3700
NM,ME,2,750
NM,MI,15,14350
NM,MN,40,20050
NM,MO,5,7500
NM,MT,12,9700
NM,NC,3,1250
NM,ND,32,25825
NM,NE,1,2500
NM,NH,5,3556
NM,NJ,13,10250
NM,NV,18,13928
NM,NY,9,3300
NM,OH,108,42944
NM,OK,1,250
NM,OR,4,1900
NM,PA,4,3400
NM,SC,1,2500
NM,SD,1,250
NM,TN,1,500
NM,TX,29,27012
NM,UT,6,1700
NM,VA,22,15525
NM,VT,29,11775
NM,WA,13,6550
NM,WI,117,47300
NV,AL,4,6500
NV,AR,4,3950
NV,AS,1,2500
NV,AZ,26,19650
NV,CA,83,84693
NV,CO,13,18200
NV,CT,1,500
NV,DE,1,2500
NV,FL,90,57375
NV,GA,20,4700
NV,HI,4,1150
NV,IA,15,14850
NV,IL,16,14500
NV,IN,26,35000
NV,KS,1,500
NV,KY,11,19250
NV,MA,5,6750
NV,MD,13,7075
NV,MI,29,30720
NV,MN,75,63752
NV,MO,2,3500
NV,MS,1,1000
NV,MT,18,26950
NV,NC,7,9800
NV,ND,17,13800
NV,NE,7,8900
NV,NH,1,333
NV,NJ,28,33050
NV,NM,15,19425
NV,NY,20,24600
NV,OH,78,79355
NV,OK,2,550
NV,OR,15,13250
NV,PA,13,10850
NV,SC,3,5500
NV,SD,5,4000
NV,TX,28,33850
NV,UT,20,15000
NV,VA,20,19635
NV,VT,9,4300
NV,WA,22,19750
NV,WI,20,15500
NV,WV,1,250
NY,AL,55,57550
NY,AR,25,30100
NY,AZ,176,113161
NY,CA,560,520156
NY,CO,98,103970
NY,CT,386,380888
NY,DE,47,62900
NY,FL,1215,895950
NY,GA,54,52651
NY,HI,194,142677
NY,IA,259,237616
NY,ID,13,7950
NY,IL,505,345500
NY,IN,458,424573
NY,KS,6,2500
NY,KY,199,341716
NY,LA,9,10500
NY,MA,266,234637
NY,MD,240,250639
NY,ME,90,141400
NY,MI,430,457120
NY,MN,611,416349
NY,MO,24,26600
NY,MS,11,11800
NY,MT,199,305297
NY,NC,62,53400
NY,ND,369,360147
NY,NE,121,94992
NY,NH,216,165433
NY,NJ,1000,1187980
NY,NM,269,328239
NY,NV,636,611589
NY,OH,1428,1221505
NY,OK,2,1300
NY,OR,113,142226
NY,PA,254,154942
NY,PR,2,800
NY,RI,9,2200
NY,SC,47,44943
NY,SD,93,95686
NY,TN,35,43547
NY,TX,279,298345
NY,UT,67,45750
NY,VA,574,648104
NY,VT,183,64263
NY,WA,222,219883
NY,WI,1272,848018
NY,WV,7,5750
NY,WY,6,4800
OH,AL,2,2500
OH,AR,6,4450
OH,AZ,32,14550
OH,CA,34,25140
OH,CO,12,10400
OH,CT,7,11280
OH,DC,1,250
OH,DE,3,3500
OH,FL,295,208637
OH,GA,40,24004
OH,HI,15,4550
OH,IA,52,39092
OH,ID,25,28600
OH,IL,66,43828
OH,IN,126,116750
OH,KS,9,16750
OH,KY,79,100825
OH,LA,4,2250
OH,MA,17,11500
OH,MD,22,16950
OH,ME,4,1900
OH,MI,118,109916
OH,MN,165,83986
OH,MO,2,500
OH,MT,54,62975
OH,NC,14,12750
OH,ND,55,49350
OH,NE,27,26520
OH,NH,13,7750
OH,NJ,22,29890
OH,NM,34,49300
OH,NV,158,149668
OH,NY,61,40020
OH,OK,2,3000
OH,OR,13,11770
OH,PA,64,60757
OH,RI,1,200
OH,SC,6,4650
OH,SD,34,25400
OH,TN,1,250
OH,TX,65,63350
OH,UT,31,20905
OH,VA,39,29557
OH,VT,28,8965
OH,WA,35,39770
OH,WI,181,81720
OH,WV,51,54200
OH,WY,1,1000
OK,AK,1,300
OK,AL,2,3000
OK,AR,8,10750
OK,AZ,8,3250
OK,CA,40,51690
OK,CO,7,3900
OK,CT,2,5000
OK,DE,2,600
OK,FL,87,60005
OK,GA,7,4770
OK,HI,6,2875
OK,IA,28,21150
OK,ID,3,5750
OK,IL,20,17000
OK,IN,41,29776
OK,KS,12,14050
OK,KY,12,11500
OK,LA,2,2500
OK,MA,2,1550
OK,MD,17,13145
OK,ME,1,1000
OK,MI,39,31050
OK,MN,77,42167
OK,MO,10,16816
OK,MS,2,750
OK,MT,67,102500
OK,NC,6,5750
OK,ND,113,101050
OK,NE,35,37050
OK,NH,1,200
OK,NJ,3,3950
OK,NM,57,48783
OK,NV,26,31575
OK,NY,20,18000
OK,OH,135,171157
OK,OR,7,3200
OK,PA,18,13200
OK,SD,6,5250
OK,TX,30,23386
OK,UT,16,10450
OK,VA,14,10655
OK,VT,3,2975
OK,WA,12,9550
OK,WI,22,14950
OK,WV,4,6300
OK,WY,2,1250
OR,AR,7,13100
OR,AZ,14,12200
OR,CA,49,38600
OR,CO,3,1300
OR,CT,3,1000
OR,DE,6,2250
OR,FL,116,43438
OR,GA,3,420
OR,HI,16,14650
OR,IA,22,22150
OR,ID,6,2800
OR,IL,26,13657
OR,IN,24,20250
OR,KY,7,10650
OR,LA,1,250
OR,MA,7,2500
OR,MD,1,2500
OR,MI,24,10700
OR,MN,92,35932
OR,MO,3,1500
OR,MT,10,7200
OR,NC,5,5250
OR,ND,18,5774
OR,NE,4,4000
OR,NH,6,6700
OR,NJ,13,6200
OR,NM,3,1450
OR,NV,33,16115
OR,NY,24,9700
OR,OH,163,142625
OR,PA,10,6200
OR,SD,8,2700
OR,TN,1,250
OR,TX,16,6339
OR,UT,5,1550
OR,VA,26,18200
OR,VT,32,8727
OR,WA,141,107502
OR,WI,75,30410
OR,WV,1,1000
PA,AL,4,1450
PA,AR,15,10700
PA,AS,1,2500
PA,AZ,52,36150
PA,CA,120,99774
PA,CO,12,6250
PA,CT,37,12425
PA,DE,79,53376
PA,FL,379,303910
PA,GA,36,24514
PA,HI,38,13350
PA,IA,96,78000
PA,ID,17,16850
PA,IL,118,80690
PA,IN,118,112797
PA,KS,1,2500
PA,KY,55,52075
PA,LA,7,3250
PA,MA,27,35350
PA,MD,46,30629
PA,ME,13,10450
PA,MI,110,102350
PA,MN,253,156401
PA,MO,11,21250
PA,MT,68,58309
PA,NC,25,12874
PA,ND,90,66587
PA,NE,27,32090
PA,NH,52,31840
PA,NJ,320,238066
PA,NM,60,45887
PA,NV,134,92617
PA,NY,116,73250
PA,OH,500,452524
PA,OK,1,500
PA,OR,28,20950
PA,PR,2,500
PA,RI,1,250
PA,SC,23,10300
PA,SD,21,23750
PA,TN,3,1500
PA,TX,141,117924
PA,UT,16,10750
PA,VA,92,73295
PA,VT,48,13374
PA,WA,77,75899
PA,WI,275,149900
PA,WV,73,75200
PA,WY,1,500
PR,FL,43,60718
PR,GU,1,500
PR,HI,1,1000
PR,IL,8,8300
PR,MA,1,500
PR,MN,3,750
PR,MO,1,1000
PR,NJ,77,112950
PR,NY,4,4500
PR,OH,2,1000
PR,PA,1,1000
PR,TX,1,1000
PR,WV,15,10532
PW,FL,1,250
RI,AZ,1,250
RI,CA,7,2450
RI,CT,20,16200
RI,FL,40,18900
RI,GA,4,700
RI,HI,1,1000
RI,IA,6,9200
RI,ID,1,500
RI,IL,7,3000
RI,IN,13,7450
RI,KY,6,3700
RI,MA,43,33643
RI,MD,2,1250
RI,ME,1,250
RI,MI,8,2970
RI,MN,15,5633
RI,MT,4,4300
RI,NC,3,4500
RI,ND,3,2450
RI,NE,9,7350
RI,NH,10,3450
RI,NJ,6,4650
RI,NV,7,3250
RI,NY,8,2400
RI,OH,35,20026
RI,OR,1,500
RI,PA,5,1450
RI,SC,1,250
RI,SD,1,1000
RI,TN,2,1000
RI,TX,8,3650
RI,UT,4,2500
RI,VA,14,17250
RI,VT,6,4225
RI,WA,7,6450
RI,WI,17,8950
SC,AL,1,2500
SC,AR,7,6500
SC,AZ,12,7000
SC,CA,17,10650
SC,CO,2,500
SC,CT,7,2200
SC,DE,5,2000
SC,FL,96,53545
SC,GA,18,8012
SC,HI,10,10150
SC,IA,12,8250
SC,ID,8,2336
SC,IL,13,7250
SC,IN,25,19505
SC,KY,4,4500
SC,LA,1,2500
SC,MA,7,10210
SC,MD,15,7761
SC,ME,2,750
SC,MI,6,1750
SC,MN,68,28685
SC,MO,4,6250
SC,MT,4,4850
SC,NC,60,58875
SC,ND,24,20950
SC,NE,1,250
SC,NH,2,2250
SC,NJ,14,7716
SC,NM,9,5800
SC,NV,27,18673
SC,NY,34,23300
SC,OH,53,36474
SC,OR,6,2450
SC,PA,9,5400
SC,SD,2,4000
SC,TN,2,5000
SC,TX,34,21841
SC,UT,6,4250
SC,VA,35,31200
SC,VT,4,800
SC,WA,13,8533
SC,WI,35,24000
SD,AR,3,3000
SD,AZ,3,1950
SD,CA,7,6050
SD,CO,2,500
SD,FL,24,10000
SD,GA,4,1520
SD,IA,23,28750
SD,IL,2,1250
SD,IN,21,17046
SD,KS,2,1000
SD,KY,3,3750
SD,LA,1,1000
SD,MD,1,250
SD,MI,3,800
SD,MN,26,9400
SD,MO,4,4500
SD,MT,5,5500
SD,ND,30,22150
SD,NE,2,0
SD,NJ,2,5000
SD,NM,1,500
SD,NV,4,1700
SD,NY,8,3000
SD,OH,40,35375
SD,OR,4,2000
SD,PA,2,-599
SD,SC,3,2000
SD,TX,13,11650
SD,UT,3,1000
SD,VA,1,250
SD,VT,3,1050
SD,WA,2,5000
SD,WI,4,1500
TN,AL,6,3175
TN,AR,14,15000
TN,AZ,11,4030
TN,CA,35,45300
TN,CO,5,10200
TN,CT,2,750
TN,DE,4,3000
TN,FL,169,91364
TN,GA,16,14360
TN,HI,9,6550
TN,IA,43,46700
TN,ID,3,2500
TN,IL,28,21850
TN,IN,83,60138
TN,KS,5,3750
TN,KY,59,85625
TN,LA,3,5000
TN,MA,8,6750
TN,MD,18,11583
TN,ME,4,1750
TN,MI,23,14600
TN,MN,116,59313
TN,MO,3,1750
TN,MS,14,16750
TN,MT,9,10645
TN,NC,39,44450
TN,ND,27,30364
TN,NE,11,10900
TN,NH,8,4600
TN,NJ,17,17000
TN,NM,15,14796
TN,NV,34,20420
TN,NY,25,26800
TN,OH,108,91467
TN,OK,1,250
TN,OR,13,5950
TN,PA,16,6100
TN,SC,9,6300
TN,SD,4,4000
TN,TX,37,31200
TN,UT,5,3250
TN,VA,36,31450
TN,VT,13,4051
TN,WA,17,11950
TN,WI,38,22395
TN,WV,2,1325
TX,AL,18,33750
TX,AR,122,99772
TX,AS,2,5000
TX,AZ,159,141265
TX,CA,315,320481
TX,CO,49,33950
TX,CT,35,21900
TX,DC,1,1000
TX,DE,10,9500
TX,FL,1105,695125
TX,GA,68,42468
TX,GU,2,750
TX,HI,80,61918
TX,IA,166,154456
TX,ID,7,3800
TX,IL,131,97165
TX,IN,396,357413
TX,KS,27,27050
TX,KY,318,501502
TX,LA,104,159648
TX,MA,45,44850
TX,MD,192,125070
TX,ME,6,12000
TX,MI,259,182829
TX,MN,725,429332
TX,MO,40,38348
TX,MS,11,7350
TX,MT,353,426842
TX,NC,79,72600
TX,ND,374,412385
TX,NE,116,118850
TX,NH,34,34400
TX,NJ,310,359750
TX,NM,369,388998
TX,NV,359,329000
TX,NY,202,139075
TX,OH,1060,1095539
TX,OK,25,13150
TX,OR,70,50024
TX,PA,112,89025
TX,SC,59,59231
TX,SD,45,31800
TX,TN,17,19500
TX,UT,137,73407
TX,VA,197,218474
TX,VT,57,28623
TX,WA,140,142410
TX,WI,449,286786
TX,WV,12,17800
TX,WY,11,8750
UT,AR,1,250
UT,AZ,36,30650
UT,CA,28,18300
UT,CO,14,12214
UT,CT,2,1250
UT,FL,25,15850
UT,GA,6,1670
UT,HI,8,4400
UT,IA,6,2700
UT,ID,5,2000
UT,IL,12,8050
UT,IN,12,6107
UT,KY,3,1200
UT,LA,3,2750
UT,MA,2,3000
UT,MD,1,500
UT,ME,2,600
UT,MI,8,3300
UT,MN,22,9950
UT,MO,2,1000
UT,MT,13,15350
UT,ND,15,7600
UT,NE,6,3050
UT,NH,7,4871
UT,NJ,3,4500
UT,NM,15,12443
UT,NV,41,32350
UT,NY,18,14075
UT,OH,73,60300
UT,OK,1,5000
UT,OR,6,2750
UT,PA,5,2250
UT,SD,6,3800
UT,TN,1,1000
UT,TX,17,13950
UT,VA,8,9500
UT,VT,5,2104
UT,WA,10,9300
UT,WI,48,42900
UT,WV,4,2400
UT,WY,2,1500
VA,AL,56,39746
VA,AR,51,50650
VA,AS,3,3500
VA,AZ,166,101617
VA,CA,726,541686
VA,CO,85,59400
VA,CT,79,55500
VA,DC,14,11200
VA,DE,60,43884
VA,FL,593,384102
VA,GA,147,85507
VA,GU,3,700
VA,HI,78,49700
VA,IA,99,53050
VA,ID,41,23400
VA,IL,234,139950
VA,IN,304,223440
VA,KS,54,42875
VA,KY,166,171901
VA,LA,63,40050
VA,MA,77,53633
VA,MD,176,125623
VA,ME,20,18100
VA,MI,318,241992
VA,MN,309,157052
VA,MO,84,72250
VA,MS,64,44200
VA,MT,235,185263
VA,NC,249,144368
VA,ND,222,131171
VA,NE,147,88099
VA,NH,104,64999
VA,NJ,239,191054
VA,NM,292,207333
VA,NV,321,205413
VA,NY,388,253134
VA,OH,720,601320
VA,OK,16,9976
VA,OR,127,84221
VA,PA,215,141112
VA,PR,6,3650
VA,RI,1,250
VA,SC,130,90176
VA,SD,75,62800
VA,TN,41,28375
VA,TX,409,288168
VA,UT,85,44950
VA,VT,26,8788
VA,WA,256,178951
VA,WI,325,172167
VA,WV,50,47600
VA,WY,4,3000
VI,AL,1,1500
VI,AZ,1,2500
VI,CA,3,4000
VI,CT,1,500
VI,FL,6,2500
VI,IA,1,250
VI,ID,1,500
VI,IL,1,2500
VI,KY,31,46500
VI,LA,1,1000
VI,ME,1,2500
VI,MI,3,6000
VI,MN,2,500
VI,MS,1,1000
VI,NJ,1,1000
VI,NV,1,2500
VI,NY,7,3450
VI,OH,4,4000
VI,PA,1,2500
VI,SC,2,5000
VI,TN,2,4000
VI,TX,1,1000
VI,UT,1,1000
VI,VA,3,3700
VI,WI,1,250
VI,WV,9,10500
VT,AZ,2,500
VT,CA,14,7600
VT,CT,5,2250
VT,FL,21,23150
VT,GA,1,35
VT,HI,2,3000
VT,IA,5,4000
VT,IL,12,11750
VT,IN,7,10636
VT,KS,1,500
VT,KY,3,1000
VT,MA,8,6000
VT,ME,1,250
VT,MI,10,5450
VT,MN,15,7723
VT,ND,3,2950
VT,NH,54,28100
VT,NJ,2,1250
VT,NM,9,12050
VT,NV,13,9900
VT,NY,11,3890
VT,OH,21,16200
VT,OR,2,1000
VT,PA,4,1200
VT,SC,1,1000
VT,TX,3,1500
VT,UT,2,750
VT,VA,13,18450
VT,WA,3,4000
VT,WI,50,37800
WA,AK,1,-1400
WA,AL,4,7000
WA,AR,12,5950
WA,AZ,58,30402
WA,CA,115,100028
WA,CO,30,25750
WA,CT,13,7482
WA,FL,217,96484
WA,GA,15,8236
WA,GU,1,1125
WA,HI,55,37591
WA,IA,22,9075
WA,ID,15,12250
WA,IL,66,38100
WA,IN,107,71975
WA,KY,37,34975
WA,LA,3,950
WA,MA,14,4140
WA,MD,13,8750
WA,ME,4,1050
WA,MI,70,40562
WA,MN,179,83161
WA,MO,11,22500
WA,MS,2,2000
WA,MT,57,51550
WA,NC,10,8750
WA,ND,66,41362
WA,NE,9,16800
WA,NH,20,10664
WA,NJ,23,14628
WA,NM,79,75061
WA,NV,92,54859
WA,NY,60,31876
WA,OH,259,163246
WA,OK,6,3000
WA,OR,141,107084
WA,PA,23,2264
WA,SC,16,17079
WA,SD,13,13250
WA,TN,2,3000
WA,TX,61,41066
WA,UT,22,16750
WA,VA,73,71463
WA,VT,53,25525
WA,WI,236,136756
WA,WV,3,5500
WA,WY,3,1700
WI,AR,5,4000
WI,AZ,13,8150
WI,CA,51,43310
WI,CO,4,3500
WI,CT,1,250
WI,DE,1,250
WI,FL,92,61100
WI,GA,7,4025
WI,HI,6,4050
WI,IA,34,20900
WI,IL,66,43570
WI,IN,35,15001
WI,KS,3,1500
WI,KY,4,6000
WI,MA,3,950
WI,MD,4,5000
WI,MI,29,18000
WI,MN,145,78472
WI,MO,6,1500
WI,MS,1,2000
WI,MT,15,15100
WI,NC,7,7500
WI,ND,20,15200
WI,NE,4,6400
WI,NH,4,1450
WI,NJ,14,17900
WI,NM,14,19400
WI,NV,27,14220
WI,NY,16,12150
WI,OH,114,88811
WI,OR,10,4100
WI,PA,14,13500
WI,SC,2,1000
WI,SD,10,6450
WI,TN,2,500
WI,TX,24,12500
WI,UT,12,6250
WI,VA,7,4200
WI,VT,32,9101
WI,WA,21,18535
WI,WV,2,1500
WI,WY,1,500
WV,AZ,5,1250
WV,CA,8,4465
WV,CT,4,8500
WV,FL,48,82875
WV,GA,14,13275
WV,HI,1,200
WV,IA,5,3750
WV,ID,9,8250
WV,IL,12,15050
WV,IN,18,18575
WV,KY,18,28350
WV,MD,2,3000
WV,MI,19,21400
WV,MN,10,5310
WV,MO,1,1000
WV,MT,25,29850
WV,NC,3,1250
WV,ND,19,16660
WV,NE,12,9150
WV,NH,2,500
WV,NJ,6,4000
WV,NM,17,16950
WV,NV,31,23553
WV,NY,1,250
WV,OH,110,130876
WV,PA,31,23050
WV,SC,1,500
WV,SD,13,15250
WV,TX,10,10451
WV,UT,3,1000
WV,VA,15,13300
WV,VT,3,3250
WV,WA,14,16000
WV,WI,16,5270
WY,AR,1,250
WY,AZ,18,14950
WY,CA,11,7450
WY,CO,12,18550
WY,CT,1,250
WY,DE,4,7750
WY,FL,25,16650
WY,GA,3,1280
WY,HI,2,3500
WY,IA,9,13937
WY,ID,1,250
WY,IL,7,9000
WY,IN,14,6700
WY,MA,3,3000
WY,MD,6,3211
WY,MI,11,3750
WY,MN,28,13887
WY,MT,18,18400
WY,NC,3,950
WY,ND,17,19500
WY,NE,3,2300
WY,NH,9,8750
WY,NJ,2,5000
WY,NM,31,33697
WY,NV,12,4374
WY,NY,14,2000
WY,OH,19,20300
WY,OK,1,1000
WY,PA,7,-4400
WY,SD,4,3800
WY,TN,3,6000
WY,TX,10,12250
WY,UT,11,14300
WY,VA,23,21050
WY,VT,3,750
WY,WA,13,11550
WY,WI,14,26500
WY,WV,2,5000
ZZ,AR,2,5000
ZZ,AZ,1,500
ZZ,CA,6,2700
ZZ,CT,2,500
ZZ,FL,17,6838
ZZ,GU,2,1500
ZZ,HI,11,10500
ZZ,IA,1,250
ZZ,IN,9,2250
ZZ,MA,1,250
ZZ,MD,1,250
ZZ,MI,5,675
ZZ,MN,3,1750
ZZ,MO,2,7500
ZZ,MP,3,3550
ZZ,MT,1,1000
ZZ,ND,1,1000
ZZ,NE,2,0
ZZ,NH,5,2250
ZZ,NJ,4,8500
ZZ,NM,2,3314
ZZ,NV,4,3842
ZZ,NY,8,16600
ZZ,OH,14,2100
ZZ,OR,1,500
ZZ,PA,2,1225
ZZ,SD,1,2500
ZZ,TX,8,3100
ZZ,UT,2,2000
ZZ,VA,38,44500
ZZ,VT,1,1469
ZZ,WA,2,400
ZZ,WI,15,6600
